resid,resname,freq
5,PRO,0.0
6,SER,0.0
7,TYR,0.0
8,VAL,0.0
9,ALA,0.0003999200159968006
10,HSD,0.0
11,LEU,0.0
12,ALA,0.07118576284743051
13,SER,0.0
14,ASP,0.0
15,PHE,0.0
16,GLY,0.0
17,VAL,0.0
18,ARG,0.0
19,VAL,0.0
20,PHE,0.0
21,GLN,0.0
22,GLN,0.0
23,VAL,0.0
24,ALA,0.0
25,GLN,0.0
26,ALA,0.0
27,SER,0.0
28,LYS,0.0
29,ASP,0.0
30,ARG,0.0
31,ASN,0.0
32,VAL,0.0
33,VAL,0.0
34,PHE,0.0
35,SER,0.0
36,PRO,0.0
37,TYR,0.8158368326334733
38,GLY,0.0
39,VAL,0.0
40,ALA,0.4319136172765447
41,SER,0.853629274145171
42,VAL,0.0
43,LEU,0.0
44,ALA,0.23555288942211558
45,MET,0.02459508098380324
46,LEU,0.0
47,GLN,0.0
48,LEU,0.0
49,THR,0.0
50,THR,0.0
51,GLY,0.0
52,GLY,0.0
53,GLU,0.0
54,THR,0.0
55,GLN,0.0
56,GLN,0.0
57,GLN,0.0
58,ILE,0.0
59,GLN,0.0
60,ALA,0.0
61,ALA,0.0
62,MET,0.01979604079184163
63,GLY,0.0
64,PHE,0.06958608278344332
65,LYS,0.0
66,ILE,0.5716856628674265
67,ASP,0.0
68,ASP,0.0
69,LYS,0.0
70,GLY,0.0
71,MET,0.0
72,ALA,0.003599280143971206
73,PRO,0.0011997600479904018
74,ALA,0.0
75,LEU,0.9156168766246751
76,ARG,0.9850029994001199
77,HSD,0.009198160367926415
78,LEU,0.2975404919016197
79,TYR,0.9952009598080384
80,LYS,0.7378524295140971
81,GLU,0.0
82,LEU,0.0
83,MET,0.0613877224555089
84,GLY,0.0021995600879824036
85,PRO,0.0
86,TRP,0.0
87,ASN,0.0
88,LYS,0.0
89,ASP,0.0
90,GLU,0.0
91,ILE,0.0
92,SER,0.0009998000399920016
93,THR,0.0005998800239952009
94,THR,0.0027994401119776045
95,ASP,0.020395920815836834
96,ALA,0.0
97,ILE,0.0
98,PHE,0.0
99,VAL,0.0
100,GLN,0.0
101,ARG,0.0
102,ASP,0.0
103,LEU,0.0
104,LYS,0.0
105,LEU,0.0
106,VAL,0.0
107,GLN,0.0
108,GLY,0.0
109,PHE,0.0
110,MET,0.0
111,PRO,0.0
112,HSD,0.0
113,PHE,0.0
114,PHE,0.02959408118376325
115,ARG,0.6880623875224955
116,LEU,0.9612077584483103
117,PHE,0.9382123575284943
118,ARG,0.9704059188162367
119,SER,0.026994601079784044
120,THR,0.0
121,VAL,0.0
122,LYS,0.0
123,GLN,0.0
124,VAL,0.0
125,ASP,0.0
126,PHE,0.0
127,SER,0.0
128,GLU,0.0
129,VAL,0.0
130,GLU,0.0
131,ARG,0.0
132,ALA,0.0
133,ARG,0.0
134,PHE,0.0
135,ILE,0.0
136,ILE,0.0
137,ASN,0.0
138,ASP,0.0
139,TRP,0.0033993201359728054
140,VAL,0.0
141,LYS,0.0
142,THR,0.0011997600479904018
143,HSD,0.0061987602479504095
144,THR,0.0
145,LYS,0.001999600079984003
146,GLY,0.0
147,MET,0.0
148,ILE,0.0
149,SER,0.0
150,HSD,0.0
151,LEU,0.0
152,LEU,0.0
153,GLY,0.0
154,THR,0.0
155,GLY,0.0
156,ALA,0.0
157,VAL,0.0
158,GLN,0.0
159,GLN,0.0
160,LEU,0.0
161,THR,0.0
162,ARG,0.0
163,LEU,0.0
164,VAL,0.0
165,LEU,0.0
166,VAL,0.0
167,ASN,0.0
168,ALA,0.0
169,LEU,0.0
170,TYR,0.0
171,PHE,0.0
172,ASN,0.0
173,GLY,0.0
174,GLN,0.0
175,TRP,0.0
176,LYS,0.0
177,THR,0.0
178,PRO,0.0
179,PHE,0.0
180,PRO,0.0
181,ASP,0.0
182,SER,0.0
183,SER,0.0
184,THR,0.0
185,HSD,0.0
186,ARG,0.0
187,ARG,0.0
188,LEU,0.0
189,PHE,0.0
190,HSD,0.0
191,LYS,0.0
192,SER,0.0
193,ASP,0.0
194,GLY,0.0
195,SER,0.0
196,THR,0.0
197,VAL,0.0
198,SER,0.0
199,VAL,0.0
200,PRO,0.0
201,MET,0.0
202,MET,0.0
203,ALA,0.0
204,GLN,0.0
205,THR,0.0
206,ASN,0.0
207,LYS,0.0
208,PHE,0.0
209,ASN,0.0
210,TYR,0.0
211,THR,0.0
212,GLU,0.0
213,PHE,0.0
214,THR,0.0
215,THR,0.0
216,PRO,0.0
217,ASP,0.0
218,GLY,0.0
219,HSD,0.0
220,TYR,0.0
221,TYR,0.0
222,ASP,0.0
223,ILE,0.0
224,LEU,0.0
225,GLU,0.0
226,LEU,0.0
227,PRO,0.0
228,TYR,0.0
229,HSD,0.0
230,GLY,0.0
231,ASP,0.0
232,THR,0.0
233,LEU,0.0
234,SER,0.0
235,MET,0.0
236,PHE,0.0
237,ILE,0.0
238,ALA,0.0
239,ALA,0.0
240,PRO,0.0
241,TYR,0.0
242,GLU,0.0
243,LYS,0.0
244,GLU,0.0
245,VAL,0.0
246,PRO,0.0
247,LEU,0.0
248,SER,0.0
249,ALA,0.0
250,LEU,0.0
251,THR,0.0
252,ASN,0.0
253,ILE,0.0
254,LEU,0.0
255,SER,0.0
256,ALA,0.0
257,GLN,0.0
258,LEU,0.0
259,ILE,0.0
260,SER,0.0
261,HSD,0.0
262,TRP,0.0
263,LYS,0.0
264,GLY,0.0
265,ASN,0.0
266,MET,0.0
267,THR,0.0
268,ARG,0.0
269,LEU,0.0
270,PRO,0.0
271,ARG,0.0
272,LEU,0.0
273,LEU,0.0
274,VAL,0.0
275,LEU,0.0
276,PRO,0.0
277,LYS,0.0
278,PHE,0.0
279,SER,0.0
280,LEU,0.0
281,GLU,0.0
282,THR,0.0
283,GLU,0.0
284,VAL,0.0
285,ASP,0.0
286,LEU,0.0
287,ARG,0.0
288,LYS,0.0
289,PRO,0.0
290,LEU,0.0
291,GLU,0.0
292,ASN,0.0
293,LEU,0.0
294,GLY,0.0
295,MET,0.0
296,THR,0.0
297,ASP,0.0
298,MET,0.0
299,PHE,0.0
300,ARG,0.0
301,GLN,0.0
302,PHE,0.0
303,GLN,0.0
304,ALA,0.0
305,ASP,0.0
306,PHE,0.0
307,THR,0.0
308,SER,0.0
309,LEU,0.0
310,SER,0.0
311,ASP,0.0
312,GLN,0.0
313,GLU,0.0
314,PRO,0.0
315,LEU,0.0
316,HSD,0.0
317,VAL,0.0
318,ALA,0.0
319,LEU,0.0
320,ALA,0.0
321,LEU,0.0
322,GLN,0.0
323,LYS,0.0
324,VAL,0.0
325,LYS,0.0
326,ILE,0.0
327,GLU,0.0
328,VAL,0.0
329,ASN,0.0
330,GLU,0.0
331,SER,0.0
341,VAL,0.0
342,ILE,0.0
343,VAL,0.0
344,SER,0.0
345,ALA,0.0
346,ARG,0.0
347,MET,0.0
348,ALA,0.0
349,PRO,0.0
350,GLU,0.0
351,GLU,0.0
352,ILE,0.0
353,ILE,0.0
354,ILE,0.0
355,ASP,0.0
356,ARG,0.0
357,PRO,0.0
358,PHE,0.0
359,LEU,0.0
360,PHE,0.0
361,VAL,0.0
362,VAL,0.0
363,ARG,0.0
364,HSD,0.0
365,ASN,0.0
366,PRO,0.0
367,THR,0.0
368,GLY,0.0
369,THR,0.0001999600079984003
370,VAL,0.0
371,LEU,0.0
372,PHE,0.0
373,MET,0.0
374,GLY,0.0
375,GLN,0.0
376,VAL,0.0
377,MET,0.0
378,GLU,0.0
379,PRO,0.0
